-- Simplified Menu Seed

INSERT INTO categories (id, name, icon_name, color_code) VALUES
(1, 'Coffee & Ice Coffee', NULL, NULL),
(5, 'Matcha', NULL, NULL),
(6, 'Boba', NULL, NULL),
(11, 'Smoothies', NULL, NULL),
(13, 'Dessert', NULL, NULL);

INSERT INTO products (id, name, description, description_ar, long_description, category_id, image_url, tags, ingredients) VALUES
(1, 'Espresso | إسبريسو', 'قهوة إسبريسو إيطالية مركزة ومكثفة، تحضر من حبوب البن المطحونة ناعماً، تتميز برغوة ذهبية سميكة ونكهة غنية وقوية.', 'قهوة إسبريسو إيطالية مركزة ومكثفة، تحضر من حبوب البن المطحونة ناعماً، تتميز برغوة ذهبية سميكة ونكهة غنية وقوية', 'NULL', 1, 'https://images.unsplash.com/photo-1510591509098-f4fdc6d0ff04?auto=format&fit=crop&q=80&w=600&h=600&sig=2137154366', '[]', '["100% حبوب بن أرابيكا","ماء"]'),
(2, 'Macchiato | ماكياتو', 'إسبريسو مع بقعة صغيرة من الحليب المبخر، توازن مثالي بين قوة القهوة ونعومة الحليب، تقدم في فنجان صغير.', 'إسبريسو مع بقعة صغيرة من الحليب المبخر، توازن مثالي بين قوة القهوة ونعومة الحليب، تقدم في فنجان صغير', 'NULL', 1, 'https://images.unsplash.com/photo-1485808191679-5f86510681a2?auto=format&fit=crop&q=80&w=600&h=600&sig=767894943', '[]', '["إسبريسو","لمسة من الحليب المبخر"]'),
(3, 'Hot Mocha | موكا ساخن', 'مزيج غني من الإسبريسو والشوكولاتة الساخنة والحليب المبخر، مغطى بطبقة من الرغوة.', 'مشروب دافئ يجمع بين الإسبريسو والشوكولاتة الساخنة والحليب، يعلوه طبقة من الكريمة المخفوقة ورشة من مسحوق الكاكاو', 'NULL', 1, 'https://images.unsplash.com/photo-1578314675249-a6910f80cc4e?auto=format&fit=crop&q=80&w=600&h=600&sig=538650664', '[]', '["إسبريسو","صوص شوكولاتة","حليب مبخر","كريمة مخفوقة"]'),
(4, 'Hot White Mocha | وايت موكا ساخن', 'مزيج غني من الإسبريسو والشوكولاتة الساخنة والحليب المبخر، مغطى بطبقة من الرغوة.', 'إسبريسو مع شوكولاتة بيضاء دسمة وحليب ساخن، مشروب حلو المذاق مع نكهة الفانيليا الخفيفة، مثالي لمحبي الحلاوة', 'NULL', 1, 'https://images.unsplash.com/photo-1611003228941-98852ba62227?auto=format&fit=crop&q=80&w=600&h=600&sig=372214744', '[]', '["إسبريسو","صوص شوكولاتة","حليب مبخر","كريمة مخفوقة"]'),
(5, 'Nescafe | نسكافيه', 'نسكافيه كلاسيكي مع حليب، مشروب سريع التحضير ودافئ، يقدم مع رغوة ناعمة ونكهة القهوة المميزة', 'نسكافيه كلاسيكي مع حليب، مشروب سريع التحضير ودافئ، يقدم مع رغوة ناعمة ونكهة القهوة المميزة', 'NULL', 1, 'https://images.unsplash.com/photo-1495474472287-4d71bcdd2085?auto=format&fit=crop&q=80&w=600&h=600&sig=1722202622', '[]', '["مكونات طازجة","لمسة الشيف الخاصة"]'),
(6, 'Nescafe Black | نسكافيه بلاك', 'نسكافيه مركز بدون إضافات، لمحبي القهوة القوية والنقية، يقدم ساخناً مع رائحة البن المنعشة', 'نسكافيه مركز بدون إضافات، لمحبي القهوة القوية والنقية، يقدم ساخناً مع رائحة البن المنعشة', 'NULL', 1, 'https://images.unsplash.com/photo-1521404063630-9b48b5fd306a?auto=format&fit=crop&q=80&w=600&h=600&sig=1155361897', '[]', '["مكونات طازجة","لمسة الشيف الخاصة"]'),
(7, 'Cappuccino | كابتشينو', 'قهوة إيطالية تقليدية تتكون من إسبريسو وحليب مبخر ورغوة حليب سميكة.', 'قهوة إيطالية تقليدية تتكون من إسبريسو وحليب مبخر ورغوة حليب سميكة، تزين أحياناً بمسحوق القرفة أو الكاكاو', 'NULL', 1, 'https://images.unsplash.com/photo-1534778101976-62847782c213?auto=format&fit=crop&q=80&w=600&h=600&sig=1724975153', '[]', '["إسبريسو","حليب مبخر","رغوة حليب","بودرة كاكاو (اختياري)"]'),
(8, 'Hot Latte | لاتيه ساخن', 'إسبريسو مع كمية وفيرة من الحليب المبخر وطبقة رقيقة من الرغوة.', 'إسبريسو مع كمية وفيرة من الحليب المبخر، مشروب دافئ وناعم مع طبقة رغوة رقيقة، من أشهر مشروبات المقاهي', 'NULL', 1, 'https://images.unsplash.com/photo-1541167760496-162955ed2a95?auto=format&fit=crop&q=80&w=600&h=600&sig=1655963889', '[]', '["إسبريسو","حليب مبخر","رغوة رقيقة"]'),
(9, 'Turkish Coffee | قهوة تركية', 'قهوة تركية أصيلة مطحونة ناعماً، تحضر مع الهيل وتقدم برغوتها المميزة.', 'قهوة تركية أصيلة مطحونة ناعماً، تحضر على النار مع الهيل وتقدم في فنجان صغير، تتميز بقوامها الكثيف', 'NULL', 1, 'https://images.unsplash.com/photo-1599395006692-0b8045f9495e?auto=format&fit=crop&q=80&w=600&h=600&sig=339133283', '[]', '["بن مطحون ناعم","ماء","هيل","سكر (حسب الرغبة)"]'),
(10, 'Turkish Coffee with Milk | قهوة تركية بالحليب', 'قهوة تركية أصيلة مطحونة ناعماً، تحضر مع الهيل وتقدم برغوتها المميزة.', 'قهوة تركية مع حليب، تجمع بين نكهة القهوة التركية القوية ونعومة الحليب، تقدم في فنجان متوسط', 'NULL', 1, 'https://images.unsplash.com/photo-1580933128244-84ccc80ef539?auto=format&fit=crop&q=80&w=600&h=600&sig=142725854', '[]', '["بن مطحون ناعم","ماء","هيل","سكر (حسب الرغبة)"]'),
(11, 'Nutella Coffee | قهوة نوتيلا', 'مشروب ناعم وكريمي بنكهة شوكولاتة نوتيلا الأصلية بالبندق.', 'مزيج فريد من الإسبريسو مع شوكولاتة النوتيلا، مشروب حلو ودسم مع نكهة البندق والشوكولاتة', 'NULL', 1, 'https://images.unsplash.com/photo-1536935338788-846bb9981813?auto=format&fit=crop&q=80&w=600&h=600&sig=1124785822', '[]', '["نوتيلا","حليب","آيس كريم (للشيك)"]'),
(12, 'Hot Lotus Latte | لوتس لاتيه ساخن', 'إسبريسو مع كمية وفيرة من الحليب المبخر وطبقة رقيقة من الرغوة.', 'لاتيه ساخن مع كريمة لوتس وبسكويت لوتس، مشروب حلو ولذيذ مع نكهة الكراميل والبسكويت المقرمش', 'NULL', 1, 'https://images.unsplash.com/photo-1542730103-6f4ed1f24d1e?auto=format&fit=crop&q=80&w=600&h=600&sig=815839869', '[]', '["إسبريسو","حليب مبخر","رغوة رقيقة"]'),
(13, 'Spanish Latte | سبانيش لاتيه', 'إسبريسو مع كمية وفيرة من الحليب المبخر وطبقة رقيقة من الرغوة.', 'لاتيه إسباني مع حليب مكثف محلى، يتميز بحلاوته الطبيعية وقوامه الكريمي، من أشهر المشروبات في المقاهي الحديثة', 'NULL', 1, 'https://images.unsplash.com/photo-1521404063630-9b48b5fd306a?auto=format&fit=crop&q=80&w=600&h=600&sig=1080543198', '[]', '["إسبريسو","حليب مبخر","رغوة رقيقة"]'),
(14, 'Flat White | فلات وايت', 'قهوة أسترالية المنشأ، تتكون من إسبريسو مزدوج مع حليب مبخر ناعم بدون رغوة، أقوى من اللاتيه التقليدي', 'قهوة أسترالية المنشأ، تتكون من إسبريسو مزدوج مع حليب مبخر ناعم بدون رغوة، أقوى من اللاتيه التقليدي', 'NULL', 1, 'https://images.unsplash.com/photo-1538587888044-79f13ddd7e49?auto=format&fit=crop&q=80&w=600&h=600&sig=1242312489', '[]', '["مكونات طازجة","لمسة الشيف الخاصة"]'),
(15, 'Cortado | كورتادو', 'قهوة إسبانية تتكون من إسبريسو مع كمية صغيرة من الحليب المبخر، تحافظ على قوة القهوة مع لمسة نعومة خفيفة', 'قهوة إسبانية تتكون من إسبريسو مع كمية صغيرة من الحليب المبخر، تحافظ على قوة القهوة مع لمسة نعومة خفيفة', 'NULL', 1, 'https://images.unsplash.com/photo-1541167760496-162955ed2a95?auto=format&fit=crop&q=80&w=600&h=600&sig=581929668', '[]', '["مكونات طازجة","لمسة الشيف الخاصة"]'),
(39, 'Ice Matcha | آيس ماتشا', 'ماتشا يابانية أصلية، تتميز بلونها النابض بالحياة ونكهتها الأرضية الغنية.', 'ماتشا ياباني أصلي مثلج، مصنوع من أوراق الشاي الأخضر المطحونة ناعماً، مشروب صحي ومنعش', 'NULL', 5, 'https://images.unsplash.com/photo-1542730103-6f4ed1f24d1e?auto=format&fit=crop&q=80&w=600&h=600&sig=730393805', '[]', '["بودرة ماتشا فاخرة","ماء أو حليب","عسل (اختياري)"]'),
(40, 'Ice Matcha (Strawberry/Mango) | آيس ماتشا (فراولة/مانجو)', 'ماتشا يابانية أصلية، تتميز بلونها النابض بالحياة ونكهتها الأرضية الغنية.', 'ماتشا مثلج بنكهة الفراولة أو المانجو، يجمع بين فوائد الماتشا ونكهة الفواكه الطازجة', 'NULL', 5, 'https://images.unsplash.com/photo-1537599028-eb1f4038808d?auto=format&fit=crop&q=80&w=600&h=600&sig=596476310', '[]', '["بودرة ماتشا فاخرة","ماء أو حليب","عسل (اختياري)"]'),
(41, 'Ice Matcha Coconut | آيس ماتشا جوز هند', 'ماتشا يابانية أصلية، تتميز بلونها النابض بالحياة ونكهتها الأرضية الغنية.', 'ماتشا مثلج مع حليب جوز الهند، نكهة استوائية مميزة مع فوائد الماتشا والشاي الأخضر', 'NULL', 5, 'https://images.unsplash.com/photo-1459789034005-ba29c57f6718?auto=format&fit=crop&q=80&w=600&h=600&sig=2096668882', '[]', '["بودرة ماتشا فاخرة","ماء أو حليب","عسل (اختياري)"]'),
(42, 'Ice Matcha Caramel | آيس ماتشا كراميل', 'ماتشا يابانية أصلية، تتميز بلونها النابض بالحياة ونكهتها الأرضية الغنية.', 'ماتشا مثلج مع كراميل، توازن بين مرارة الماتشا وحلاوة الكراميل، مشروب فريد', 'NULL', 5, 'https://images.unsplash.com/photo-1567620832903-903bde8a11bc?auto=format&fit=crop&q=80&w=600&h=600&sig=400586700', '[]', '["بودرة ماتشا فاخرة","ماء أو حليب","عسل (اختياري)"]'),
(43, 'Hot Matcha | هوت ماتشا', 'ماتشا يابانية أصلية، تتميز بلونها النابض بالحياة ونكهتها الأرضية الغنية.', 'ماتشا ياباني ساخن، مشروب صحي غني بمضادات الأكسدة، يقدم ساخناً في كوب خاص', 'NULL', 5, 'https://images.unsplash.com/photo-1542730103-6f4ed1f24d1e?auto=format&fit=crop&q=80&w=600&h=600&sig=966919759', '[]', '["بودرة ماتشا فاخرة","ماء أو حليب","عسل (اختياري)"]'),
(44, 'Hot Honey Matcha | هوت هوني ماتشا', 'ماتشا يابانية أصلية، تتميز بلونها النابض بالحياة ونكهتها الأرضية الغنية.', 'ماتشا ساخن مع عسل طبيعي، محلى طبيعياً، يجمع بين فوائد الماتشا والعسل', 'NULL', 5, 'https://images.unsplash.com/photo-1515822345620-73c3ee2123cd?auto=format&fit=crop&q=80&w=600&h=600&sig=1304907943', '[]', '["بودرة ماتشا فاخرة","ماء أو حليب","عسل (اختياري)"]'),
(45, 'Boba Soft | بوبا سوفت', 'مشروب بوبا تايواني شهير مع حبيبات التابيوكا والمذاق المنعش.', 'شاي بوبا ناعم مع حبيبات التابيوكا الطرية، مشروب تايواني شعبي مع قوام مميز', 'NULL', 6, 'https://images.unsplash.com/photo-1558857563-b371f308ceb9?auto=format&fit=crop&q=80&w=600&h=600&sig=872625497', '[]', '["شاي","حليب","حبيبات تابيوكا","سيروب"]'),
(46, 'Boba Milkshake | بوبا ميلك شيك', 'مشروب بوبا تايواني شهير مع حبيبات التابيوكا والمذاق المنعش.', 'ميلك شيك بوبا كريمي مع حبيبات التابيوكا، يجمع بين نعومة الميلك شيك ومتعة البوبا', 'NULL', 6, 'https://images.unsplash.com/photo-1572490122747-3968b75cc699?auto=format&fit=crop&q=80&w=600&h=600&sig=1111642181', '[]', '["شاي","حليب","حبيبات تابيوكا","سيروب"]'),
(47, 'Boba Smoothie | بوبا سموزي', 'مشروب بوبا تايواني شهير مع حبيبات التابيوكا والمذاق المنعش.', 'سموثي فواكه مع بوبا، مشروب صحي ولذيذ مع حبيبات التابيوكا المقاومة للمضغ', 'NULL', 6, 'https://images.unsplash.com/photo-1605333396915-47ed6b68a00e?auto=format&fit=crop&q=80&w=600&h=600&sig=1460108563', '[]', '["شاي","حليب","حبيبات تابيوكا","سيروب"]'),
(48, 'Boba Tabioka | بوبا تابيوكا', 'مشروب بوبا تايواني شهير مع حبيبات التابيوكا والمذاق المنعش.', 'مشروب بوبا مع تابيوكا كبيرة الحجم، لقوام أكثر متعة وتجربة أصلية', 'NULL', 6, 'https://images.unsplash.com/photo-1551024506-0bccd828d307?auto=format&fit=crop&q=80&w=600&h=600&sig=1472718963', '[]', '["شاي","حليب","حبيبات تابيوكا","سيروب"]'),
(49, 'V60 Ice ', 'قهوة متخصصة مثلجة تحضر بطريقة V60 اليابانية، ترشيح يدوي لإستخلاص النكهات الدقيقة', 'قهوة متخصصة مثلجة تحضر بطريقة V60 اليابانية، ترشيح يدوي لإستخلاص النكهات الدقيقة', 'NULL', 1, 'https://images.unsplash.com/photo-1544725176-7ec40d9a283e?auto=format&fit=crop&q=80&w=600&h=600&sig=1644416933', '[]', '["مكونات طازجة","لمسة الشيف الخاصة"]'),
(50, 'V60 Hot ', 'قهوة متخصصة ساخنة بطريقة V60، تحضير يدوي يبرز نكهات الحبوب الفريدة', 'قهوة متخصصة ساخنة بطريقة V60، تحضير يدوي يبرز نكهات الحبوب الفريدة', 'NULL', 1, 'https://images.unsplash.com/photo-1495474472287-4d71bcdd2085?auto=format&fit=crop&q=80&w=600&h=600&sig=1644399139', '[]', '["مكونات طازجة","لمسة الشيف الخاصة"]'),
(51, 'Chemex | كيمكس', 'قهوة كيمكس، تحضير بطيء باستخدام فلتر ورقي سميك لإستخلاص نكهات نقية وخالية من الرواسب', 'قهوة كيمكس، تحضير بطيء باستخدام فلتر ورقي سميك لإستخلاص نكهات نقية وخالية من الرواسب', 'NULL', 1, 'https://images.unsplash.com/photo-1498307833015-e7b400441eb8?auto=format&fit=crop&q=80&w=600&h=600&sig=2134977578', '[]', '["مكونات طازجة","لمسة الشيف الخاصة"]'),
(52, 'Aeropress | إيروبرس', 'قهوة إيروبرس، تحضير سريع باستخدام ضغط الهواء، تنتج قهوة ناعمة وغنية بالنكهات', 'قهوة إيروبرس، تحضير سريع باستخدام ضغط الهواء، تنتج قهوة ناعمة وغنية بالنكهات', 'NULL', 1, 'https://images.unsplash.com/photo-1536935338788-846bb9981813?auto=format&fit=crop&q=80&w=600&h=600&sig=1281545260', '[]', '["مكونات طازجة","لمسة الشيف الخاصة"]'),
(53, 'Syphon | سايفون', 'قهوة سيفون، تحضير مسرحي باستخدام الفراغ، تبرز النكهات العطرية للحبوب بشكل مميز', 'قهوة سيفون، تحضير مسرحي باستخدام الفراغ، تبرز النكهات العطرية للحبوب بشكل مميز', 'NULL', 1, 'https://images.unsplash.com/photo-1516016393961-d7756f6ce8e2?auto=format&fit=crop&q=80&w=600&h=600&sig=1213629520', '[]', '["مكونات طازجة","لمسة الشيف الخاصة"]'),
(73, 'Ice Coffee | آيس كوفي', 'قهوة مثلجة مخفوقة مع الثلج، منعشة وقوية، تقدم في كوب طويل مع ثلج', 'قهوة مثلجة مخفوقة مع الثلج، منعشة وقوية، تقدم في كوب طويل مع ثلج', 'NULL', 1, 'https://images.unsplash.com/photo-1495474472287-4d71bcdd2085?auto=format&fit=crop&q=80&w=600&h=600&sig=1889846042', '[]', '["مكونات طازجة","لمسة الشيف الخاصة"]'),
(74, 'Ice Latte | آيس لاتيه', 'إسبريسو مع كمية وفيرة من الحليب المبخر وطبقة رقيقة من الرغوة.', 'إسبريسو مثلج مع حليب بارد، ناعم ومنعش، يقدم مع طبقة رغوة رقيقة', 'NULL', 1, 'https://images.unsplash.com/photo-1521404063630-9b48b5fd306a?auto=format&fit=crop&q=80&w=600&h=600&sig=788706054', '[]', '["إسبريسو","حليب مبخر","رغوة رقيقة"]'),
(75, 'Ice Mocha | آيس موكا', 'مزيج غني من الإسبريسو والشوكولاتة الساخنة والحليب المبخر، مغطى بطبقة من الرغوة.', 'موكا مثلجة مع شوكولاتة وحليب، مغطاة بالكريمة المخفوقة، مشروب حلو ومنعش', 'NULL', 1, 'https://images.unsplash.com/photo-1541167760496-162955ed2a95?auto=format&fit=crop&q=80&w=600&h=600&sig=76716251', '[]', '["إسبريسو","صوص شوكولاتة","حليب مبخر","كريمة مخفوقة"]'),
(77, 'Ice Shaken White Mocha | آيس وايت موكا شيكن', 'مزيج غني من الإسبريسو والشوكولاتة الساخنة والحليب المبخر، مغطى بطبقة من الرغوة.', 'موكا بيضاء مهروسة مع الثلج، قوام كريمي ومشروب منعش', 'NULL', 1, 'https://images.unsplash.com/photo-1604423421831-7e8c38362c3e?auto=format&fit=crop&q=80&w=600&h=600&sig=616409430', '[]', '["إسبريسو","صوص شوكولاتة","حليب مبخر","كريمة مخفوقة"]'),
(78, 'Ice Americano | آيس أمريكانو', 'أمريكانو مثلج، قهوة قوية ومثلجة بدون حليب، لمحبي القهوة النقية', 'أمريكانو مثلج، قهوة قوية ومثلجة بدون حليب، لمحبي القهوة النقية', 'NULL', 1, 'https://images.unsplash.com/photo-1541167760496-162955ed2a95?auto=format&fit=crop&q=80&w=600&h=600&sig=649646144', '[]', '["مكونات طازجة","لمسة الشيف الخاصة"]'),
(79, 'Ice Biscoff Latte | آيس بسكوف لاتيه', 'إسبريسو مع كمية وفيرة من الحليب المبخر وطبقة رقيقة من الرغوة.', 'لاتيه مثلج مع كريمة بسكوف وبسكويت لوتس، مشروب حلو ومقرمش', 'NULL', 1, 'https://images.unsplash.com/photo-1536935338788-846bb9981813?auto=format&fit=crop&q=80&w=600&h=600&sig=777658321', '[]', '["إسبريسو","حليب مبخر","رغوة رقيقة"]'),
(80, 'Ice Caramel Macchiato | آيس كراميل ماكياتو', 'إسبريسو مع بقعة صغيرة من الحليب المبخر، توازن مثالي بين قوة القهوة ونعومة الحليب، تقدم في فنجان صغير.', 'كاراميل ماكياتو مثلج، طبقات من القهوة والحليب والكراميل، مشروب فني ولذيذ', 'NULL', 1, 'https://images.unsplash.com/photo-1567620832903-903bde8a11bc?auto=format&fit=crop&q=80&w=600&h=600&sig=2111005982', '[]', '["إسبريسو","لمسة من الحليب المبخر"]'),
(81, 'Ice Spanish Latte | آيس سبانيش لاتيه', 'إسبريسو مع كمية وفيرة من الحليب المبخر وطبقة رقيقة من الرغوة.', 'لاتيه إسباني مثلج مع حليب مكثف، حلو ومنعش مع حلاوة طبيعية', 'NULL', 1, 'https://images.unsplash.com/photo-1495474472287-4d71bcdd2085?auto=format&fit=crop&q=80&w=600&h=600&sig=965114260', '[]', '["إسبريسو","حليب مبخر","رغوة رقيقة"]'),
(82, 'Peach Smoothie | سموزي خوخ', 'مزيج فاكهة كثيف وكريمي مصنوع من مكونات طازجة وزبادي.', 'سموثي خوخ مع زبادي، كريمي وصحي، مصنوع من خوخ طازج مع لبن', 'NULL', 11, 'https://images.unsplash.com/photo-1600107211110-09160bb60934?auto=format&fit=crop&q=80&w=600&h=600&sig=1317661833', '[]', '["فواكه طازجة","زبادي","عسل","ثلج"]'),
(83, 'Strawberry Smoothie | سموزي فراولة', 'مزيج فاكهة كثيف وكريمي مصنوع من مكونات طازجة وزبادي.', 'سموثي فراولة طازجة، مصنوع من فواكه طبيعية مع لبن، غني بالفيتامينات', 'NULL', 11, 'https://images.unsplash.com/photo-1464195244030-43624835ce58?auto=format&fit=crop&q=80&w=600&h=600&sig=858565743', '[]', '["فواكه طازجة","زبادي","عسل","ثلج"]'),
(84, 'Mango Smoothie | سموزي مانجو', 'مزيج فاكهة كثيف وكريمي مصنوع من مكونات طازجة وزبادي.', 'سموثي مانجو استوائي، حلو وكثيف، مع نكهة المانجو الغنية', 'NULL', 11, 'https://images.unsplash.com/photo-1537599028-eb1f4038808d?auto=format&fit=crop&q=80&w=600&h=600&sig=2104276654', '[]', '["فواكه طازجة","زبادي","عسل","ثلج"]'),
(85, 'Watermelon Smoothie | سموزي بطيخ', 'مزيج فاكهة كثيف وكريمي مصنوع من مكونات طازجة وزبادي.', 'سموثي بطيخ منعش، مثالي للصيف، مع نكهة البطيخ الخفيفة', 'NULL', 11, 'https://images.unsplash.com/photo-1533606709-32cf1c1fdef2?auto=format&fit=crop&q=80&w=600&h=600&sig=1127854715', '[]', '["فواكه طازجة","زبادي","عسل","ثلج"]'),
(86, 'Kiwi Smoothie | سموزي كيوي', 'مزيج فاكهة كثيف وكريمي مصنوع من مكونات طازجة وزبادي.', 'سموثي كيوي مع سبانخ، مشروب صحي غني، يجمع بين الفواكه والخضار', 'NULL', 11, '', '[]', '["فواكه طازجة","زبادي","عسل","ثلج"]'),
(87, 'Apple Smoothie | سموزي تفاح', 'مزيج فاكهة كثيف وكريمي مصنوع من مكونات طازجة وزبادي.', 'سموثي تفاح مع قرفة، دافئ ومغذي، مع نكهة التفاح والقرفة المميزة', 'NULL', 11, 'https://images.unsplash.com/photo-1567306226416-28f57806ad9a?auto=format&fit=crop&q=80&w=600&h=600&sig=231814877', '[]', '["فواكه طازجة","زبادي","عسل","ثلج"]'),
(88, 'Pineapple Smoothie | سموزي أناناس', 'مزيج فاكهة كثيف وكريمي مصنوع من مكونات طازجة وزبادي.', 'سموثي أناناس استوائي، حامض قليلاً ومنعش، مع قطع أناناس طازجة', 'NULL', 11, 'https://images.unsplash.com/photo-1567306226416-28f57806ad9a?auto=format&fit=crop&q=80&w=600&h=600&sig=1353843484', '[]', '["فواكه طازجة","زبادي","عسل","ثلج"]'),
(89, 'Passion Fruit Smoothie | سموزي باشن فروت', 'مزيج فاكهة كثيف وكريمي مصنوع من مكونات طازجة وزبادي.', 'سموثي فاكهة العاطفة، نكهة استوائية فريدة، حامض وحلو في نفس الوقت', 'NULL', 11, 'https://images.unsplash.com/photo-1526424382072-7c80efdec738?auto=format&fit=crop&q=80&w=600&h=600&sig=1211643594', '[]', '["فواكه طازجة","زبادي","عسل","ثلج"]'),
(90, 'Lemon Smoothie | سموزي ليمون', 'مزيج فاكهة كثيف وكريمي مصنوع من مكونات طازجة وزبادي.', 'سموثي ليمون منعش، مع لبن وزبادي، حامض وغني بفيتامين سي', 'NULL', 11, 'https://images.unsplash.com/photo-1513220556-91361cc8605d?auto=format&fit=crop&q=80&w=600&h=600&sig=1699750882', '[]', '["فواكه طازجة","زبادي","عسل","ثلج"]'),
(91, 'Lemon Mint Smoothie | سموزي ليمون نعناع', 'مزيج فاكهة كثيف وكريمي مصنوع من مكونات طازجة وزبادي.', 'سموثي ليمون بالنعناع، منعش ومهدئ، يجمع بين الحموضة والنعناع', 'NULL', 11, 'https://images.unsplash.com/photo-1513220556-91361cc8605d?auto=format&fit=crop&q=80&w=600&h=600&sig=992360377', '[]', '["فواكه طازجة","زبادي","عسل","ثلج"]'),
(92, 'Mixed Berry Smoothie |سموزي توت مشكل', 'مزيج فاكهة كثيف وكريمي مصنوع من مكونات طازجة وزبادي.', 'سموثي توت مشكل، غني بمضادات الأكسدة، مع خليط من التوت بأنواعه', 'NULL', 11, 'https://images.unsplash.com/photo-1464195244030-43624835ce58?auto=format&fit=crop&q=80&w=600&h=600&sig=87500085', '[]', '["فواكه طازجة","زبادي","عسل","ثلج"]'),
(100, 'Cheese cake | تشيز كيك', 'تشيز كيك كريمي كلاسيكي على قاعدة بسكويت بالزبدة.', 'تشيز كيك نيويورك كلاسيكي، مع طبقة بسكويت، كريمي وناعم', 'NULL', 13, 'https://images.unsplash.com/photo-1533134242443-d4fd215305ad?auto=format&fit=crop&q=80&w=600&h=600&sig=1030227569', '[]', '["جبنة كريمية","بسكويت","زبدة","سكر","فانيليا"]'),
(101, 'Cheese cake Caramel | تشيز كيك كراميل', 'تشيز كيك كريمي كلاسيكي على قاعدة بسكويت بالزبدة.', 'تشيز كيك كراميل، مع صوص كراميل سائل، حلو ولذيذ', 'NULL', 13, 'https://images.unsplash.com/photo-1567620832903-903bde8a11bc?auto=format&fit=crop&q=80&w=600&h=600&sig=1222611772', '[]', '["جبنة كريمية","بسكويت","زبدة","سكر","فانيليا"]'),
(102, 'Cheese cake Blueberry | تشيز كيك توت', 'تشيز كيك كريمي كلاسيكي على قاعدة بسكويت بالزبدة.', 'تشيز كيك توت، مع طبقة توت طازج، يجمع بين الكريمي والحامض', 'NULL', 13, 'https://images.unsplash.com/photo-1464195244030-43624835ce58?auto=format&fit=crop&q=80&w=600&h=600&sig=870798689', '[]', '["جبنة كريمية","بسكويت","زبدة","سكر","فانيليا"]'),
(103, 'Cheese cake Lotus | تشيز كيك لوتس', 'تشيز كيك كريمي كلاسيكي على قاعدة بسكويت بالزبدة.', 'تشيز كيك لوتس، مع كريمة لوتس وبسكويت، حلو ومقرمش', 'NULL', 13, 'https://images.unsplash.com/photo-1542730103-6f4ed1f24d1e?auto=format&fit=crop&q=80&w=600&h=600&sig=1179334603', '[]', '["جبنة كريمية","بسكويت","زبدة","سكر","فانيليا"]'),
(104, 'Cheese cake Pistachio | تشيز كيك بستاشيو', 'تشيز كيك كريمي كلاسيكي على قاعدة بسكويت بالزبدة.', 'تشيز كيك فستق، مع فستق محمص وصوص فستق، نكهة مكسرات مميزة', 'NULL', 13, 'https://images.unsplash.com/photo-1501659508381-193433930bfa?auto=format&fit=crop&q=80&w=600&h=600&sig=65434327', '[]', '["جبنة كريمية","بسكويت","زبدة","سكر","فانيليا"]'),
(105, 'Cheese cake Nutella | تشيز كيك نوتيلا', 'مشروب ناعم وكريمي بنكهة شوكولاتة نوتيلا الأصلية بالبندق.', 'تشيز كيك نوتيلا، مع طبقة شوكولاتة بندق، غني وشوكولاتي', 'NULL', 13, 'https://images.unsplash.com/photo-1586040140378-b5634ce4c73b?auto=format&fit=crop&q=80&w=600&h=600&sig=831393283', '[]', '["نوتيلا","حليب","آيس كريم (للشيك)"]'),
(106, 'Molten Cake | مولتن كيك', 'كيك شوكولاتة ذائب من الداخل، يقدم ساخناً مع قلب شوكولاتة سائل', 'كيك شوكولاتة ذائب من الداخل، يقدم ساخناً مع قلب شوكولاتة سائل', 'NULL', 13, 'https://images.unsplash.com/photo-1481391245133-d3a0c8cb4604?auto=format&fit=crop&q=80&w=600&h=600&sig=789339738', '[]', '["مكونات طازجة","لمسة الشيف الخاصة"]'),
(107, 'Molten Cake Nutella | مولتن كيك نوتيلا', 'مشروب ناعم وكريمي بنكهة شوكولاتة نوتيلا الأصلية بالبندق.', 'كيك نوتيلا ذائب، مع قلب نوتيلا سائل، حلو ولذيذ', 'NULL', 13, 'https://images.unsplash.com/photo-1551806231466-12614b8a1c0d?auto=format&fit=crop&q=80&w=600&h=600&sig=1126304578', '[]', '["نوتيلا","حليب","آيس كريم (للشيك)"]'),
(108, 'San Sebastian | سان سباستيان', 'كيك سان سيباستيان، كيك جبن إسباني ناعم، كريمي وحلو', 'كيك سان سيباستيان، كيك جبن إسباني ناعم، كريمي وحلو', 'NULL', 13, 'https://images.unsplash.com/photo-1604423421831?auto=format&fit=crop&q=80&w=600&h=600&sig=1910663726', '[]', '["مكونات طازجة","لمسة الشيف الخاصة"]'),
(109, 'San Sebastian Lotus | سان سباستيان لوتس', 'سان سيباستيان مع كريمة لوتس، إصدار خاص بنكهة اللوتس', 'سان سيباستيان مع كريمة لوتس، إصدار خاص بنكهة اللوتس', 'NULL', 13, 'https://images.unsplash.com/photo-1604423421831?auto=format&fit=crop&q=80&w=600&h=600&sig=979858', '[]', '["مكونات طازجة","لمسة الشيف الخاصة"]'),
(110, 'San Sebastian Nutella | سان سباستيان نوتيلا', 'مشروب ناعم وكريمي بنكهة شوكولاتة نوتيلا الأصلية بالبندق.', 'سان سيباستيان مع نوتيلا، غني بالشوكولاتة والنوتيلا', 'NULL', 13, 'https://images.unsplash.com/photo-1604423421831?auto=format&fit=crop&q=80&w=600&h=600&sig=237314080', '[]', '["نوتيلا","حليب","آيس كريم (للشيك)"]'),
(111, 'San Sebastian Blueberry | سان سباستيان توت', 'سان سيباستيان مع توت أزرق، يجمع بين الكريمي والتوت', 'سان سيباستيان مع توت أزرق، يجمع بين الكريمي والتوت', 'NULL', 13, 'https://images.unsplash.com/photo-1464195244030-43624835ce58?auto=format&fit=crop&q=80&w=600&h=600&sig=196200354', '[]', '["مكونات طازجة","لمسة الشيف الخاصة"]'),
(112, 'San Sebastian Caramel | سان سباستيان كراميل', 'سان سيباستيان مع كراميل، حلو مع نكهة الكراميل الغنية', 'سان سيباستيان مع كراميل، حلو مع نكهة الكراميل الغنية', 'NULL', 13, 'https://images.unsplash.com/photo-1604423421831?auto=format&fit=crop&q=80&w=600&h=600&sig=952290721', '[]', '["مكونات طازجة","لمسة الشيف الخاصة"]'),
(113, 'San Sebastian Pistachio | سان سباستيان بستاشيو', 'سان سيباستيان مع فستق، نكهة مكسرات مع كيك الجبن الكريمي', 'سان سيباستيان مع فستق، نكهة مكسرات مع كيك الجبن الكريمي', 'NULL', 13, 'https://images.unsplash.com/photo-1604423421831?auto=format&fit=crop&q=80&w=600&h=600&sig=1466705062', '[]', '["مكونات طازجة","لمسة الشيف الخاصة"]'),
(114, 'Tiramisu | تيراميسو', 'تيراميسو إيطالي، طبقات من البسكويت والقهوة والماسكاربوني، كلاسيكي وإيطالي', 'تيراميسو إيطالي، طبقات من البسكويت والقهوة والماسكاربوني، كلاسيكي وإيطالي', 'NULL', 13, 'https://images.unsplash.com/photo-1571877227200?auto=format&fit=crop&q=80&w=600&h=600&sig=1947481554', '[]', '["مكونات طازجة","لمسة الشيف الخاصة"]');

INSERT INTO product_prices (product_id, size, price) VALUES
(1, 'Small', 55),
(1, 'Large', 65),
(2, 'Small', 65),
(2, 'Large', 70),
(3, 'Small', 89),
(3, 'Large', 94),
(4, 'Small', 89),
(4, 'Large', 94),
(5, 'Small', 64),
(5, 'Large', 69),
(6, 'Small', 60),
(6, 'Large', 65),
(7, 'Small', 69),
(7, 'Large', 74),
(8, 'Small', 69),
(8, 'Large', 74),
(9, 'Small', 50),
(9, 'Large', 60),
(10, 'Small', 55),
(10, 'Large', 65),
(11, 'Small', 69),
(11, 'Large', 74),
(12, 'Small', 89),
(12, 'Large', 94),
(13, 'Small', 94),
(13, 'Large', 99),
(14, 'Small', 69),
(14, 'Large', 74),
(15, 'Small', 69),
(15, 'Large', 74),
(39, 'Small', 99),
(39, 'Medium', 104),
(39, 'Large', 109),
(40, 'Small', 104),
(40, 'Medium', 109),
(40, 'Large', 114),
(41, 'Small', 104),
(41, 'Medium', 109),
(41, 'Large', 114),
(42, 'Small', 104),
(42, 'Medium', 109),
(42, 'Large', 114),
(43, 'Small', 99),
(43, 'Medium', 104),
(43, 'Large', 109),
(44, 'Small', 104),
(44, 'Medium', 109),
(44, 'Large', 114),
(45, 'Small', 84),
(45, 'Medium', 89),
(45, 'Large', 94),
(46, 'Small', 99),
(46, 'Medium', 104),
(46, 'Large', 114),
(47, 'Small', 89),
(47, 'Medium', 94),
(47, 'Large', 99),
(48, 'Small', 104),
(48, 'Medium', 109),
(48, 'Large', 114),
(49, 'Medium', 160),
(50, 'Medium', 150),
(51, 'Medium', 150),
(52, 'Medium', 160),
(53, 'Medium', 170),
(73, 'Small', 84),
(73, 'Medium', 89),
(73, 'Large', 94),
(74, 'Small', 84),
(74, 'Medium', 89),
(74, 'Large', 94),
(75, 'Small', 89),
(75, 'Medium', 94),
(75, 'Large', 99),
(77, 'Small', 89),
(77, 'Medium', 94),
(77, 'Large', 99),
(78, 'Small', 74),
(78, 'Medium', 79),
(78, 'Large', 84),
(79, 'Small', 94),
(79, 'Medium', 99),
(79, 'Large', 104),
(80, 'Small', 89),
(80, 'Medium', 94),
(80, 'Large', 99),
(81, 'Small', 94),
(81, 'Medium', 99),
(81, 'Large', 104),
(82, 'Small', 79),
(82, 'Medium', 84),
(82, 'Large', 89),
(83, 'Small', 79),
(83, 'Medium', 84),
(83, 'Large', 89),
(84, 'Small', 79),
(84, 'Medium', 84),
(84, 'Large', 89),
(85, 'Small', 79),
(85, 'Medium', 84),
(85, 'Large', 89),
(86, 'Small', 89),
(86, 'Medium', 99),
(86, 'Large', 109),
(87, 'Small', 79),
(87, 'Medium', 84),
(87, 'Large', 89),
(88, 'Small', 84),
(88, 'Medium', 89),
(88, 'Large', 94),
(89, 'Small', 84),
(89, 'Medium', 89),
(89, 'Large', 94),
(90, 'Small', 79),
(90, 'Medium', 84),
(90, 'Large', 89),
(91, 'Small', 84),
(91, 'Medium', 89),
(91, 'Large', 94),
(92, 'Small', 89),
(92, 'Medium', 99),
(92, 'Large', 109),
(100, 'Medium', 75),
(101, 'Medium', 85),
(102, 'Medium', 85),
(103, 'Medium', 90),
(104, 'Medium', 95),
(105, 'Medium', 85),
(106, 'Medium', 80),
(107, 'Medium', 90),
(108, 'Medium', 75),
(109, 'Medium', 90),
(110, 'Medium', 85),
(111, 'Medium', 85),
(112, 'Medium', 85),
(113, 'Medium', 95),
(114, 'Medium', 75),
(114, '3', 90);
